Metric,Value
AIC,101419.72014843202
Dispersion,1.1130826005086751
Observations,20679.0
