Metric,Value
RMSE,14.045267058624708
MAE,5.698212518509589
R-Squared,0.9528793726457346
