Model,AIC,Dispersion
Full,101417.19138026694,1.112498352555589
Reduced,101419.72014843202,1.1130826005086751
