Model,AIC,Dispersion
Current + Lag,101558.929143982,1.119319600167221
Lag,101721.65883890775,1.1297730177101124
Current,101852.72652397002,1.1371917141475731
