Model,AIC,Dispersion
Poisson,113057.35585666817,1.3556753570942177
Robust Poisson,113057.35585666817,1.3556753570942177
Negative Binomial,137419.28879960478,
