Variable,Coefficient,Std_Error,P_Value,CI_Lower,CI_Upper
Intercept,-6.832761671990945,0.041860499434111416,0.0,-6.914806743256663,-6.7507166007252275
weekly_mean,-0.00705801247150439,0.0004960819210682873,6.184137141555804e-46,-0.008030315170179676,-0.006085709772829105
pm10_mean,-0.0025463773506711512,0.00012732208233872232,5.56329100332416e-89,-0.0027959240464916903,-0.0022968306548506122
o3_mean,-0.006431962683286458,0.00017039100698233362,0.0,-0.006765922920261345,-0.006098002446311571
warm_temp,-0.2522107404133723,0.008754276353151166,1.6073621035331404e-182,-0.26936880677625924,-0.23505267405048538
pm10_mean:warm_temp,0.004501814878238439,0.00016977433610533912,6.260836005636073e-155,0.0041690632939727764,0.004834566462504102
o3_mean:warm_temp,0.006125200258201314,0.00019113256288143772,2.427272831984781e-225,0.005750587318680859,0.00649981319772177
urban_pct,-0.0015054983689187077,5.44578442974328e-05,3.186800600500143e-168,-0.001612233782417366,-0.0013987629554200495
forest_pct,-0.00270620507463925,6.959465717656948e-05,0.0,-0.002842608096221738,-0.0025698020530567616
elderly_pct,0.8398174547336504,0.10392896468422572,6.440281044476897e-16,0.6361204270020329,1.043514482465268
child_pct,-1.6616055858830556,0.33313198158624696,6.106136229886398e-07,-2.31453227189056,-1.0086788998755511
